<?xml version="1.0" encoding="UTF-8"?>
<GenRun Id="MemWinner_synth_1" LaunchPart="xc7a100tcsg324-3" LaunchTime="1435666753">
  <File Type="RUN-CONSTRS" Name="$PDATADIR/runs/MemWinner_synth_1/constrs_in.xml"/>
  <File Type="RDS-DCP" Name="MemWinner.dcp"/>
  <File Type="RUN-SRCS" Name="$PDATADIR/runs/MemWinner_synth_1/sources.xml"/>
  <File Type="RDS-UTIL-PB" Name="MemWinner_utilization_synth.pb"/>
  <File Type="RUN-STRAT" Name="$PDATADIR/runs/MemWinner_synth_1/MemWinner_synth_1.psg"/>
  <File Type="PA-TCL" Name="MemWinner.tcl"/>
  <File Type="RDS-PROPCONSTRS" Name="MemWinner_drc_synth.rpt"/>
  <File Type="RDS-RDS" Name="MemWinner.vds"/>
  <File Type="RDS-UTIL" Name="MemWinner_utilization_synth.rpt"/>
  <File Type="VDS-TIMINGSUMMARY" Name="MemWinner_timing_summary_synth.rpt"/>
  <File Type="VDS-TIMING-PB" Name="MemWinner_timing_summary_synth.pb"/>
  <File Type="VDS-HWDEF" Name="MemWinner.hwdef"/>
  <FileSet Name="sources" Type="BlockSrcs" RelSrcDir="$PSRCDIR/MemWinner">
    <File Path="$PSRCDIR/sources_1/ip/MemWinner/MemWinner.xci">
      <FileInfo>
        <Attr Name="ImportPath" Val="$PPRDIR/../Minesweeper/Sources/IP/MemWinner/MemWinner.xci"/>
        <Attr Name="ImportTime" Val="1434653751"/>
        <Attr Name="UsedIn" Val="synthesis"/>
        <Attr Name="UsedIn" Val="implementation"/>
        <Attr Name="UsedIn" Val="simulation"/>
      </FileInfo>
    </File>
    <Config>
      <Option Name="TopModule" Val="MemWinner"/>
      <Option Name="UseBlackboxStub" Val="1"/>
    </Config>
  </FileSet>
  <FileSet Name="constrs_in" Type="BlockSrcs" RelSrcDir="$PSRCDIR/MemWinner">
    <File Path="$PSRCDIR/sources_1/ip/MemWinner/MemWinner.xci">
      <FileInfo>
        <Attr Name="ImportPath" Val="$PPRDIR/../Minesweeper/Sources/IP/MemWinner/MemWinner.xci"/>
        <Attr Name="ImportTime" Val="1434653751"/>
        <Attr Name="UsedIn" Val="synthesis"/>
        <Attr Name="UsedIn" Val="implementation"/>
        <Attr Name="UsedIn" Val="simulation"/>
      </FileInfo>
    </File>
    <Config>
      <Option Name="TopModule" Val="MemWinner"/>
      <Option Name="UseBlackboxStub" Val="1"/>
    </Config>
  </FileSet>
  <Strategy Version="1" Minor="2">
    <StratHandle Name="Vivado Synthesis Defaults" Flow="Vivado Synthesis 2014"/>
    <Step Id="synth_design"/>
  </Strategy>
</GenRun>
