<?xml version="1.0" encoding="UTF-8"?>
<GenRun Id="MemTextures_synth_1" LaunchPart="xc7a100tcsg324-3" LaunchTime="1435666702">
  <File Type="RUN-CONSTRS" Name="$PDATADIR/runs/MemTextures_synth_1/constrs_in.xml"/>
  <File Type="RDS-DCP" Name="MemTextures.dcp"/>
  <File Type="RUN-SRCS" Name="$PDATADIR/runs/MemTextures_synth_1/sources.xml"/>
  <File Type="RDS-UTIL-PB" Name="MemTextures_utilization_synth.pb"/>
  <File Type="RUN-STRAT" Name="$PDATADIR/runs/MemTextures_synth_1/MemTextures_synth_1.psg"/>
  <File Type="PA-TCL" Name="MemTextures.tcl"/>
  <File Type="RDS-PROPCONSTRS" Name="MemTextures_drc_synth.rpt"/>
  <File Type="RDS-RDS" Name="MemTextures.vds"/>
  <File Type="RDS-UTIL" Name="MemTextures_utilization_synth.rpt"/>
  <File Type="VDS-TIMINGSUMMARY" Name="MemTextures_timing_summary_synth.rpt"/>
  <File Type="VDS-TIMING-PB" Name="MemTextures_timing_summary_synth.pb"/>
  <File Type="VDS-HWDEF" Name="MemTextures.hwdef"/>
  <FileSet Name="sources" Type="BlockSrcs" RelSrcDir="$PSRCDIR/MemTextures">
    <File Path="$PSRCDIR/sources_1/ip/MemTextures/MemTextures.xci">
      <FileInfo>
        <Attr Name="ImportPath" Val="$PPRDIR/../Minesweeper/Sources/IP/MemTextures/MemTextures.xci"/>
        <Attr Name="ImportTime" Val="1434653702"/>
        <Attr Name="UsedIn" Val="synthesis"/>
        <Attr Name="UsedIn" Val="implementation"/>
        <Attr Name="UsedIn" Val="simulation"/>
      </FileInfo>
    </File>
    <Config>
      <Option Name="TopModule" Val="MemTextures"/>
      <Option Name="UseBlackboxStub" Val="1"/>
    </Config>
  </FileSet>
  <FileSet Name="constrs_in" Type="BlockSrcs" RelSrcDir="$PSRCDIR/MemTextures">
    <File Path="$PSRCDIR/sources_1/ip/MemTextures/MemTextures.xci">
      <FileInfo>
        <Attr Name="ImportPath" Val="$PPRDIR/../Minesweeper/Sources/IP/MemTextures/MemTextures.xci"/>
        <Attr Name="ImportTime" Val="1434653702"/>
        <Attr Name="UsedIn" Val="synthesis"/>
        <Attr Name="UsedIn" Val="implementation"/>
        <Attr Name="UsedIn" Val="simulation"/>
      </FileInfo>
    </File>
    <Config>
      <Option Name="TopModule" Val="MemTextures"/>
      <Option Name="UseBlackboxStub" Val="1"/>
    </Config>
  </FileSet>
  <Strategy Version="1" Minor="2">
    <StratHandle Name="Vivado Synthesis Defaults" Flow="Vivado Synthesis 2014"/>
    <Step Id="synth_design"/>
  </Strategy>
</GenRun>
