<?xml version="1.0"?>
<Runs Version="1" Minor="0">
	<Run Id="MemScore_synth_1" LaunchDir="C:/Users/Vfor/Documents/GitHub/Minesweeper_Vivado/Minesweeper_Vivado.runs/MemScore_synth_1" FlowId="Vivado_Synthesis" FromStepId="vivado" ToStepId="vivado"/>
	<Run Id="MemTextures_synth_1" LaunchDir="C:/Users/Vfor/Documents/GitHub/Minesweeper_Vivado/Minesweeper_Vivado.runs/MemTextures_synth_1" FlowId="Vivado_Synthesis" FromStepId="vivado" ToStepId="vivado"/>
	<Run Id="MemWinner_synth_1" LaunchDir="C:/Users/Vfor/Documents/GitHub/Minesweeper_Vivado/Minesweeper_Vivado.runs/MemWinner_synth_1" FlowId="Vivado_Synthesis" FromStepId="vivado" ToStepId="vivado"/>
	<Run Id="MemFaces_synth_1" LaunchDir="C:/Users/Vfor/Documents/GitHub/Minesweeper_Vivado/Minesweeper_Vivado.runs/MemFaces_synth_1" FlowId="Vivado_Synthesis" FromStepId="vivado" ToStepId="vivado"/>
	<Run Id="WelcomeScreen_synth_1" LaunchDir="C:/Users/Vfor/Documents/GitHub/Minesweeper_Vivado/Minesweeper_Vivado.runs/WelcomeScreen_synth_1" FlowId="Vivado_Synthesis" FromStepId="vivado" ToStepId="vivado"/>
	<Run Id="Clock8346_synth_1" LaunchDir="C:/Users/Vfor/Documents/GitHub/Minesweeper_Vivado/Minesweeper_Vivado.runs/Clock8346_synth_1" FlowId="Vivado_Synthesis" FromStepId="vivado" ToStepId="vivado"/>
	<Run Id="synth_1" LaunchDir="C:/Users/Vfor/Documents/GitHub/Minesweeper_Vivado/Minesweeper_Vivado.runs/synth_1" FlowId="Vivado_Synthesis" FromStepId="vivado" ToStepId="vivado">
		<Parent Id="MemScore_synth_1"/>
		<Parent Id="MemTextures_synth_1"/>
		<Parent Id="MemWinner_synth_1"/>
		<Parent Id="MemFaces_synth_1"/>
		<Parent Id="WelcomeScreen_synth_1"/>
		<Parent Id="Clock8346_synth_1"/>
	</Run>
</Runs>

