<?xml version="1.0"?>
<Runs Version="1" Minor="0">
	<Run Id="About_synth_1" LaunchDir="C:/Users/Vfor/Documents/GitHub/Minesweeper_Vivado/Minesweeper_Vivado.runs/About_synth_1" FlowId="Vivado_Synthesis" FromStepId="vivado" ToStepId="vivado"/>
	<Run Id="Instructions_synth_1" LaunchDir="C:/Users/Vfor/Documents/GitHub/Minesweeper_Vivado/Minesweeper_Vivado.runs/Instructions_synth_1" FlowId="Vivado_Synthesis" FromStepId="vivado" ToStepId="vivado"/>
	<Run Id="PSelect_synth_1" LaunchDir="C:/Users/Vfor/Documents/GitHub/Minesweeper_Vivado/Minesweeper_Vivado.runs/PSelect_synth_1" FlowId="Vivado_Synthesis" FromStepId="vivado" ToStepId="vivado"/>
	<Run Id="Pointer_synth_1" LaunchDir="C:/Users/Vfor/Documents/GitHub/Minesweeper_Vivado/Minesweeper_Vivado.runs/Pointer_synth_1" FlowId="Vivado_Synthesis" FromStepId="vivado" ToStepId="vivado"/>
	<Run Id="synth_1" LaunchDir="C:/Users/Vfor/Documents/GitHub/Minesweeper_Vivado/Minesweeper_Vivado.runs/synth_1" FlowId="Vivado_Synthesis" FromStepId="vivado" ToStepId="vivado">
		<Parent Id="About_synth_1"/>
		<Parent Id="Instructions_synth_1"/>
		<Parent Id="PSelect_synth_1"/>
		<Parent Id="Pointer_synth_1"/>
	</Run>
</Runs>

