<?xml version="1.0" encoding="UTF-8"?>
<GenRun Id="Clock8346_synth_1" LaunchPart="xc7a100tcsg324-3" LaunchTime="1435666937">
  <File Type="RUN-CONSTRS" Name="$PDATADIR/runs/Clock8346_synth_1/constrs_in.xml"/>
  <File Type="RDS-DCP" Name="Clock8346.dcp"/>
  <File Type="RUN-SRCS" Name="$PDATADIR/runs/Clock8346_synth_1/sources.xml"/>
  <File Type="RDS-UTIL-PB" Name="Clock8346_utilization_synth.pb"/>
  <File Type="RUN-STRAT" Name="$PDATADIR/runs/Clock8346_synth_1/Clock8346_synth_1.psg"/>
  <File Type="PA-TCL" Name="Clock8346.tcl"/>
  <File Type="RDS-PROPCONSTRS" Name="Clock8346_drc_synth.rpt"/>
  <File Type="RDS-RDS" Name="Clock8346.vds"/>
  <File Type="RDS-UTIL" Name="Clock8346_utilization_synth.rpt"/>
  <File Type="VDS-TIMINGSUMMARY" Name="Clock8346_timing_summary_synth.rpt"/>
  <File Type="VDS-TIMING-PB" Name="Clock8346_timing_summary_synth.pb"/>
  <File Type="VDS-HWDEF" Name="Clock8346.hwdef"/>
  <FileSet Name="sources" Type="BlockSrcs" RelSrcDir="$PSRCDIR/Clock8346">
    <File Path="$PSRCDIR/sources_1/ip/Clock8346/Clock8346.xci">
      <FileInfo>
        <Attr Name="UsedIn" Val="synthesis"/>
        <Attr Name="UsedIn" Val="implementation"/>
        <Attr Name="UsedIn" Val="simulation"/>
      </FileInfo>
    </File>
    <Config>
      <Option Name="TopModule" Val="Clock8346"/>
      <Option Name="UseBlackboxStub" Val="1"/>
    </Config>
  </FileSet>
  <FileSet Name="constrs_in" Type="BlockSrcs" RelSrcDir="$PSRCDIR/Clock8346">
    <File Path="$PSRCDIR/sources_1/ip/Clock8346/Clock8346.xci">
      <FileInfo>
        <Attr Name="UsedIn" Val="synthesis"/>
        <Attr Name="UsedIn" Val="implementation"/>
        <Attr Name="UsedIn" Val="simulation"/>
      </FileInfo>
    </File>
    <Config>
      <Option Name="TopModule" Val="Clock8346"/>
      <Option Name="UseBlackboxStub" Val="1"/>
    </Config>
  </FileSet>
  <Strategy Version="1" Minor="2">
    <StratHandle Name="Vivado Synthesis Defaults" Flow="Vivado Synthesis 2014"/>
    <Step Id="synth_design"/>
  </Strategy>
</GenRun>
