<?xml version="1.0" encoding="UTF-8"?>
<GenRun Id="Initial_synth_1" LaunchPart="xc7a100tcsg324-3" LaunchTime="1435667457">
  <File Type="RUN-CONSTRS" Name="$PDATADIR/runs/Initial_synth_1/constrs_in.xml"/>
  <File Type="RDS-DCP" Name="Initial.dcp"/>
  <File Type="RUN-SRCS" Name="$PDATADIR/runs/Initial_synth_1/sources.xml"/>
  <File Type="RDS-UTIL-PB" Name="Initial_utilization_synth.pb"/>
  <File Type="RUN-STRAT" Name="$PDATADIR/runs/Initial_synth_1/Initial_synth_1.psg"/>
  <File Type="PA-TCL" Name="Initial.tcl"/>
  <File Type="RDS-PROPCONSTRS" Name="Initial_drc_synth.rpt"/>
  <File Type="RDS-RDS" Name="Initial.vds"/>
  <File Type="RDS-UTIL" Name="Initial_utilization_synth.rpt"/>
  <File Type="VDS-TIMINGSUMMARY" Name="Initial_timing_summary_synth.rpt"/>
  <File Type="VDS-TIMING-PB" Name="Initial_timing_summary_synth.pb"/>
  <File Type="VDS-HWDEF" Name="Initial.hwdef"/>
  <FileSet Name="sources" Type="BlockSrcs" RelSrcDir="$PSRCDIR/Initial">
    <File Path="$PSRCDIR/sources_1/ip/Initial/Initial.xci">
      <FileInfo>
        <Attr Name="UsedIn" Val="synthesis"/>
        <Attr Name="UsedIn" Val="implementation"/>
        <Attr Name="UsedIn" Val="simulation"/>
      </FileInfo>
    </File>
    <Config>
      <Option Name="TopModule" Val="Initial"/>
      <Option Name="UseBlackboxStub" Val="1"/>
    </Config>
  </FileSet>
  <FileSet Name="constrs_in" Type="BlockSrcs" RelSrcDir="$PSRCDIR/Initial">
    <File Path="$PSRCDIR/sources_1/ip/Initial/Initial.xci">
      <FileInfo>
        <Attr Name="UsedIn" Val="synthesis"/>
        <Attr Name="UsedIn" Val="implementation"/>
        <Attr Name="UsedIn" Val="simulation"/>
      </FileInfo>
    </File>
    <Config>
      <Option Name="TopModule" Val="Initial"/>
      <Option Name="UseBlackboxStub" Val="1"/>
    </Config>
  </FileSet>
  <Strategy Version="1" Minor="2">
    <StratHandle Name="Vivado Synthesis Defaults" Flow="Vivado Synthesis 2014"/>
    <Step Id="synth_design"/>
  </Strategy>
</GenRun>
