<?xml version="1.0" encoding="UTF-8"?>
<GenRun Id="Mem_synth_1" LaunchPart="xc7a100tcsg324-3" LaunchTime="1435666984">
  <File Type="RUN-CONSTRS" Name="$PDATADIR/runs/Mem_synth_1/constrs_in.xml"/>
  <File Type="RDS-DCP" Name="Mem.dcp"/>
  <File Type="RUN-SRCS" Name="$PDATADIR/runs/Mem_synth_1/sources.xml"/>
  <File Type="RDS-UTIL-PB" Name="Mem_utilization_synth.pb"/>
  <File Type="RUN-STRAT" Name="$PDATADIR/runs/Mem_synth_1/Mem_synth_1.psg"/>
  <File Type="PA-TCL" Name="Mem.tcl"/>
  <File Type="RDS-PROPCONSTRS" Name="Mem_drc_synth.rpt"/>
  <File Type="RDS-RDS" Name="Mem.vds"/>
  <File Type="RDS-UTIL" Name="Mem_utilization_synth.rpt"/>
  <File Type="VDS-TIMINGSUMMARY" Name="Mem_timing_summary_synth.rpt"/>
  <File Type="VDS-TIMING-PB" Name="Mem_timing_summary_synth.pb"/>
  <File Type="VDS-HWDEF" Name="Mem.hwdef"/>
  <FileSet Name="sources" Type="BlockSrcs" RelSrcDir="$PSRCDIR/Mem">
    <File Path="$PSRCDIR/sources_1/ip/Mem/Mem.xci">
      <FileInfo>
        <Attr Name="ImportPath" Val="$PPRDIR/../Minesweeper/Sources/IP/Mem/Mem.xci"/>
        <Attr Name="ImportTime" Val="1434653590"/>
        <Attr Name="UsedIn" Val="synthesis"/>
        <Attr Name="UsedIn" Val="implementation"/>
        <Attr Name="UsedIn" Val="simulation"/>
      </FileInfo>
    </File>
    <Config>
      <Option Name="TopModule" Val="Mem"/>
      <Option Name="UseBlackboxStub" Val="1"/>
    </Config>
  </FileSet>
  <FileSet Name="constrs_in" Type="BlockSrcs" RelSrcDir="$PSRCDIR/Mem">
    <File Path="$PSRCDIR/sources_1/ip/Mem/Mem.xci">
      <FileInfo>
        <Attr Name="ImportPath" Val="$PPRDIR/../Minesweeper/Sources/IP/Mem/Mem.xci"/>
        <Attr Name="ImportTime" Val="1434653590"/>
        <Attr Name="UsedIn" Val="synthesis"/>
        <Attr Name="UsedIn" Val="implementation"/>
        <Attr Name="UsedIn" Val="simulation"/>
      </FileInfo>
    </File>
    <Config>
      <Option Name="TopModule" Val="Mem"/>
      <Option Name="UseBlackboxStub" Val="1"/>
    </Config>
  </FileSet>
  <Strategy Version="1" Minor="2">
    <StratHandle Name="Vivado Synthesis Defaults" Flow="Vivado Synthesis 2014"/>
    <Step Id="synth_design"/>
  </Strategy>
</GenRun>
