<?xml version="1.0" encoding="UTF-8"?>
<GenRun Id="MemScore_synth_1" LaunchPart="xc7a100tcsg324-3" LaunchTime="1435666660">
  <File Type="RUN-CONSTRS" Name="$PDATADIR/runs/MemScore_synth_1/constrs_in.xml"/>
  <File Type="RDS-DCP" Name="MemScore.dcp"/>
  <File Type="RUN-SRCS" Name="$PDATADIR/runs/MemScore_synth_1/sources.xml"/>
  <File Type="RDS-UTIL-PB" Name="MemScore_utilization_synth.pb"/>
  <File Type="RUN-STRAT" Name="$PDATADIR/runs/MemScore_synth_1/MemScore_synth_1.psg"/>
  <File Type="PA-TCL" Name="MemScore.tcl"/>
  <File Type="RDS-PROPCONSTRS" Name="MemScore_drc_synth.rpt"/>
  <File Type="RDS-RDS" Name="MemScore.vds"/>
  <File Type="RDS-UTIL" Name="MemScore_utilization_synth.rpt"/>
  <File Type="VDS-TIMINGSUMMARY" Name="MemScore_timing_summary_synth.rpt"/>
  <File Type="VDS-TIMING-PB" Name="MemScore_timing_summary_synth.pb"/>
  <File Type="VDS-HWDEF" Name="MemScore.hwdef"/>
  <FileSet Name="sources" Type="BlockSrcs" RelSrcDir="$PSRCDIR/MemScore">
    <File Path="$PSRCDIR/sources_1/ip/MemScore/MemScore.xci">
      <FileInfo>
        <Attr Name="ImportPath" Val="$PPRDIR/../Minesweeper/Sources/IP/MemScore/MemScore.xci"/>
        <Attr Name="ImportTime" Val="1434653652"/>
        <Attr Name="UsedIn" Val="synthesis"/>
        <Attr Name="UsedIn" Val="implementation"/>
        <Attr Name="UsedIn" Val="simulation"/>
      </FileInfo>
    </File>
    <Config>
      <Option Name="TopModule" Val="MemScore"/>
      <Option Name="UseBlackboxStub" Val="1"/>
    </Config>
  </FileSet>
  <FileSet Name="constrs_in" Type="BlockSrcs" RelSrcDir="$PSRCDIR/MemScore">
    <File Path="$PSRCDIR/sources_1/ip/MemScore/MemScore.xci">
      <FileInfo>
        <Attr Name="ImportPath" Val="$PPRDIR/../Minesweeper/Sources/IP/MemScore/MemScore.xci"/>
        <Attr Name="ImportTime" Val="1434653652"/>
        <Attr Name="UsedIn" Val="synthesis"/>
        <Attr Name="UsedIn" Val="implementation"/>
        <Attr Name="UsedIn" Val="simulation"/>
      </FileInfo>
    </File>
    <Config>
      <Option Name="TopModule" Val="MemScore"/>
      <Option Name="UseBlackboxStub" Val="1"/>
    </Config>
  </FileSet>
  <Strategy Version="1" Minor="2">
    <StratHandle Name="Vivado Synthesis Defaults" Flow="Vivado Synthesis 2014"/>
    <Step Id="synth_design"/>
  </Strategy>
</GenRun>
