<?xml version="1.0" encoding="UTF-8"?>
<GenRun Id="PSelect_synth_1" LaunchPart="xc7a100tcsg324-3" LaunchTime="1435667309">
  <File Type="RUN-CONSTRS" Name="$PDATADIR/runs/PSelect_synth_1/constrs_in.xml"/>
  <File Type="RDS-DCP" Name="PSelect.dcp"/>
  <File Type="RUN-SRCS" Name="$PDATADIR/runs/PSelect_synth_1/sources.xml"/>
  <File Type="RDS-UTIL-PB" Name="PSelect_utilization_synth.pb"/>
  <File Type="RUN-STRAT" Name="$PDATADIR/runs/PSelect_synth_1/PSelect_synth_1.psg"/>
  <File Type="PA-TCL" Name="PSelect.tcl"/>
  <File Type="RDS-PROPCONSTRS" Name="PSelect_drc_synth.rpt"/>
  <File Type="RDS-RDS" Name="PSelect.vds"/>
  <File Type="RDS-UTIL" Name="PSelect_utilization_synth.rpt"/>
  <File Type="VDS-TIMINGSUMMARY" Name="PSelect_timing_summary_synth.rpt"/>
  <File Type="VDS-TIMING-PB" Name="PSelect_timing_summary_synth.pb"/>
  <File Type="VDS-HWDEF" Name="PSelect.hwdef"/>
  <FileSet Name="sources" Type="BlockSrcs" RelSrcDir="$PSRCDIR/PSelect">
    <File Path="$PSRCDIR/sources_1/ip/PSelect/PSelect.xci">
      <FileInfo>
        <Attr Name="UsedIn" Val="synthesis"/>
        <Attr Name="UsedIn" Val="implementation"/>
        <Attr Name="UsedIn" Val="simulation"/>
      </FileInfo>
    </File>
    <Config>
      <Option Name="TopModule" Val="PSelect"/>
      <Option Name="UseBlackboxStub" Val="1"/>
    </Config>
  </FileSet>
  <FileSet Name="constrs_in" Type="BlockSrcs" RelSrcDir="$PSRCDIR/PSelect">
    <File Path="$PSRCDIR/sources_1/ip/PSelect/PSelect.xci">
      <FileInfo>
        <Attr Name="UsedIn" Val="synthesis"/>
        <Attr Name="UsedIn" Val="implementation"/>
        <Attr Name="UsedIn" Val="simulation"/>
      </FileInfo>
    </File>
    <Config>
      <Option Name="TopModule" Val="PSelect"/>
      <Option Name="UseBlackboxStub" Val="1"/>
    </Config>
  </FileSet>
  <Strategy Version="1" Minor="2">
    <StratHandle Name="Vivado Synthesis Defaults" Flow="Vivado Synthesis 2014"/>
    <Step Id="synth_design"/>
  </Strategy>
</GenRun>
